Source Copybook,Source Record,Source Field Name,COBOL PIC Clause,Source Data Type,Source Length (bytes),Target Postgres Table,Target Column Name,Postgres Data Type,Transformation Notes,Nullable
CVACT01Y.cpy,ACCOUNT-RECORD,ACCT-ID,PIC 9(11),Numeric (unsigned),11,accounts,acct_id,BIGINT,Primary key; strip leading zeros,No
CVACT01Y.cpy,ACCOUNT-RECORD,ACCT-ACTIVE-STATUS,PIC X(01),Alphanumeric,1,accounts,active_status,CHAR(1),"Map 'Y'/'N' to active/inactive flag",No
CVACT01Y.cpy,ACCOUNT-RECORD,ACCT-CURR-BAL,PIC S9(10)V99,Signed decimal (implied V),12,accounts,curr_bal,"NUMERIC(12,2)","Convert EBCDIC sign-overpunch trailing byte (e.g. '{' = +0); divide by 100 if stored as integer",No
CVACT01Y.cpy,ACCOUNT-RECORD,ACCT-CREDIT-LIMIT,PIC S9(10)V99,Signed decimal (implied V),12,accounts,credit_limit,"NUMERIC(12,2)","Convert EBCDIC sign-overpunch trailing byte; divide by 100 if stored as integer",No
CVACT01Y.cpy,ACCOUNT-RECORD,ACCT-CASH-CREDIT-LIMIT,PIC S9(10)V99,Signed decimal (implied V),12,accounts,cash_credit_limit,"NUMERIC(12,2)","Convert EBCDIC sign-overpunch trailing byte; divide by 100 if stored as integer",No
CVACT01Y.cpy,ACCOUNT-RECORD,ACCT-OPEN-DATE,PIC X(10),Alphanumeric date,10,accounts,open_date,DATE,"Parse YYYY-MM-DD string to DATE",No
CVACT01Y.cpy,ACCOUNT-RECORD,ACCT-EXPIRAION-DATE,PIC X(10),Alphanumeric date,10,accounts,expiration_date,DATE,"Parse YYYY-MM-DD string to DATE",Yes
CVACT01Y.cpy,ACCOUNT-RECORD,ACCT-REISSUE-DATE,PIC X(10),Alphanumeric date,10,accounts,reissue_date,DATE,"Parse YYYY-MM-DD string to DATE; null if not reissued",Yes
CVACT01Y.cpy,ACCOUNT-RECORD,ACCT-CURR-CYC-CREDIT,PIC S9(10)V99,Signed decimal (implied V),12,accounts,curr_cyc_credit,"NUMERIC(12,2)","Convert EBCDIC sign-overpunch trailing byte",No
CVACT01Y.cpy,ACCOUNT-RECORD,ACCT-CURR-CYC-DEBIT,PIC S9(10)V99,Signed decimal (implied V),12,accounts,curr_cyc_debit,"NUMERIC(12,2)","Convert EBCDIC sign-overpunch trailing byte",No
CVACT01Y.cpy,ACCOUNT-RECORD,ACCT-ADDR-ZIP,PIC X(10),Alphanumeric,10,accounts,addr_zip,VARCHAR(10),Trim trailing spaces,Yes
CVACT01Y.cpy,ACCOUNT-RECORD,ACCT-GROUP-ID,PIC X(10),Alphanumeric,10,accounts,group_id,VARCHAR(10),"Trim trailing spaces; FK to disclosure_groups",No
CVACT01Y.cpy,ACCOUNT-RECORD,FILLER,PIC X(178),Filler,178,accounts,N/A,N/A,Not migrated - padding to RECLN 300,N/A
CVCUS01Y.cpy,CUSTOMER-RECORD,CUST-ID,PIC 9(09),Numeric (unsigned),9,customers,cust_id,INTEGER,Primary key; strip leading zeros,No
CVCUS01Y.cpy,CUSTOMER-RECORD,CUST-FIRST-NAME,PIC X(25),Alphanumeric,25,customers,first_name,VARCHAR(25),Trim trailing spaces,No
CVCUS01Y.cpy,CUSTOMER-RECORD,CUST-MIDDLE-NAME,PIC X(25),Alphanumeric,25,customers,middle_name,VARCHAR(25),Trim trailing spaces; null if blank,Yes
CVCUS01Y.cpy,CUSTOMER-RECORD,CUST-LAST-NAME,PIC X(25),Alphanumeric,25,customers,last_name,VARCHAR(25),Trim trailing spaces,No
CVCUS01Y.cpy,CUSTOMER-RECORD,CUST-ADDR-LINE-1,PIC X(50),Alphanumeric,50,customers,addr_line_1,VARCHAR(50),Trim trailing spaces,No
CVCUS01Y.cpy,CUSTOMER-RECORD,CUST-ADDR-LINE-2,PIC X(50),Alphanumeric,50,customers,addr_line_2,VARCHAR(50),Trim trailing spaces; null if blank,Yes
CVCUS01Y.cpy,CUSTOMER-RECORD,CUST-ADDR-LINE-3,PIC X(50),Alphanumeric,50,customers,addr_line_3,VARCHAR(50),Trim trailing spaces; null if blank,Yes
CVCUS01Y.cpy,CUSTOMER-RECORD,CUST-ADDR-STATE-CD,PIC X(02),Alphanumeric,2,customers,addr_state_cd,CHAR(2),Direct mapping; validate against US state codes,No
CVCUS01Y.cpy,CUSTOMER-RECORD,CUST-ADDR-COUNTRY-CD,PIC X(03),Alphanumeric,3,customers,addr_country_cd,CHAR(3),Direct mapping; ISO 3166-1 alpha-3 format,No
CVCUS01Y.cpy,CUSTOMER-RECORD,CUST-ADDR-ZIP,PIC X(10),Alphanumeric,10,customers,addr_zip,VARCHAR(10),Trim trailing spaces; supports ZIP+4 format,No
CVCUS01Y.cpy,CUSTOMER-RECORD,CUST-PHONE-NUM-1,PIC X(15),Alphanumeric,15,customers,phone_num_1,VARCHAR(15),"Trim trailing spaces; format: (NNN)NNN-NNNN",Yes
CVCUS01Y.cpy,CUSTOMER-RECORD,CUST-PHONE-NUM-2,PIC X(15),Alphanumeric,15,customers,phone_num_2,VARCHAR(15),"Trim trailing spaces; format: (NNN)NNN-NNNN; null if blank",Yes
CVCUS01Y.cpy,CUSTOMER-RECORD,CUST-SSN,PIC 9(09),Numeric (unsigned),9,customers,ssn,VARCHAR(11),"Convert numeric 9(09) to formatted NNN-NN-NNNN or store as encrypted; sensitive PII",No
CVCUS01Y.cpy,CUSTOMER-RECORD,CUST-GOVT-ISSUED-ID,PIC X(20),Alphanumeric,20,customers,govt_issued_id,VARCHAR(20),Trim trailing spaces; sensitive PII,Yes
CVCUS01Y.cpy,CUSTOMER-RECORD,CUST-DOB-YYYY-MM-DD,PIC X(10),Alphanumeric date,10,customers,dob,DATE,"Parse YYYY-MM-DD string to DATE",No
CVCUS01Y.cpy,CUSTOMER-RECORD,CUST-EFT-ACCOUNT-ID,PIC X(10),Alphanumeric,10,customers,eft_account_id,VARCHAR(10),Trim trailing spaces; external account reference,Yes
CVCUS01Y.cpy,CUSTOMER-RECORD,CUST-PRI-CARD-HOLDER-IND,PIC X(01),Alphanumeric,1,customers,pri_card_holder_ind,BOOLEAN,"Map 'Y' to TRUE / 'N' to FALSE",No
CVCUS01Y.cpy,CUSTOMER-RECORD,CUST-FICO-CREDIT-SCORE,PIC 9(03),Numeric (unsigned),3,customers,fico_credit_score,SMALLINT,Direct numeric conversion; valid range 300-850,Yes
CVCUS01Y.cpy,CUSTOMER-RECORD,FILLER,PIC X(168),Filler,168,customers,N/A,N/A,Not migrated - padding to RECLN 500,N/A
CVACT02Y.cpy,CARD-RECORD,CARD-NUM,PIC X(16),Alphanumeric,16,cards,card_num,VARCHAR(16),"Primary key; preserve leading zeros; sensitive PII",No
CVACT02Y.cpy,CARD-RECORD,CARD-ACCT-ID,PIC 9(11),Numeric (unsigned),11,cards,acct_id,BIGINT,"FK to accounts.acct_id; strip leading zeros",No
CVACT02Y.cpy,CARD-RECORD,CARD-CVV-CD,PIC 9(03),Numeric (unsigned),3,cards,cvv_cd,SMALLINT,"Convert to integer; consider encrypting - sensitive data",No
CVACT02Y.cpy,CARD-RECORD,CARD-EMBOSSED-NAME,PIC X(50),Alphanumeric,50,cards,embossed_name,VARCHAR(50),Trim trailing spaces,No
CVACT02Y.cpy,CARD-RECORD,CARD-EXPIRAION-DATE,PIC X(10),Alphanumeric date,10,cards,expiration_date,DATE,"Parse YYYY-MM-DD string to DATE",No
CVACT02Y.cpy,CARD-RECORD,CARD-ACTIVE-STATUS,PIC X(01),Alphanumeric,1,cards,active_status,CHAR(1),"Map 'Y'/'N' to active/inactive flag",No
CVACT02Y.cpy,CARD-RECORD,FILLER,PIC X(59),Filler,59,cards,N/A,N/A,Not migrated - padding to RECLN 150,N/A
CVACT03Y.cpy,CARD-XREF-RECORD,XREF-CARD-NUM,PIC X(16),Alphanumeric,16,card_xref,card_num,VARCHAR(16),"Composite PK part 1; FK to cards.card_num",No
CVACT03Y.cpy,CARD-XREF-RECORD,XREF-CUST-ID,PIC 9(09),Numeric (unsigned),9,card_xref,cust_id,INTEGER,"FK to customers.cust_id; strip leading zeros",No
CVACT03Y.cpy,CARD-XREF-RECORD,XREF-ACCT-ID,PIC 9(11),Numeric (unsigned),11,card_xref,acct_id,BIGINT,"FK to accounts.acct_id; strip leading zeros",No
CVACT03Y.cpy,CARD-XREF-RECORD,FILLER,PIC X(14),Filler,14,card_xref,N/A,N/A,Not migrated - padding to RECLN 50,N/A
CVTRA05Y.cpy,TRAN-RECORD,TRAN-ID,PIC X(16),Alphanumeric,16,transactions,tran_id,VARCHAR(16),"Primary key; unique transaction identifier",No
CVTRA05Y.cpy,TRAN-RECORD,TRAN-TYPE-CD,PIC X(02),Alphanumeric,2,transactions,type_cd,CHAR(2),"FK to transaction_types.type_cd",No
CVTRA05Y.cpy,TRAN-RECORD,TRAN-CAT-CD,PIC 9(04),Numeric (unsigned),4,transactions,cat_cd,SMALLINT,"FK to transaction_categories composite key (type_cd + cat_cd)",No
CVTRA05Y.cpy,TRAN-RECORD,TRAN-SOURCE,PIC X(10),Alphanumeric,10,transactions,source,VARCHAR(10),"Trim trailing spaces; e.g. POS TERM / OPERATOR",No
CVTRA05Y.cpy,TRAN-RECORD,TRAN-DESC,PIC X(100),Alphanumeric,100,transactions,description,VARCHAR(100),Trim trailing spaces,Yes
CVTRA05Y.cpy,TRAN-RECORD,TRAN-AMT,PIC S9(09)V99,Signed decimal (implied V),11,transactions,amount,"NUMERIC(11,2)","Convert EBCDIC sign-overpunch trailing byte (e.g. letters A-I = +1..+9, J-R = -1..-9, '{' = +0, '}' = -0)",No
CVTRA05Y.cpy,TRAN-RECORD,TRAN-MERCHANT-ID,PIC 9(09),Numeric (unsigned),9,transactions,merchant_id,INTEGER,Strip leading zeros,No
CVTRA05Y.cpy,TRAN-RECORD,TRAN-MERCHANT-NAME,PIC X(50),Alphanumeric,50,transactions,merchant_name,VARCHAR(50),Trim trailing spaces,Yes
CVTRA05Y.cpy,TRAN-RECORD,TRAN-MERCHANT-CITY,PIC X(50),Alphanumeric,50,transactions,merchant_city,VARCHAR(50),Trim trailing spaces,Yes
CVTRA05Y.cpy,TRAN-RECORD,TRAN-MERCHANT-ZIP,PIC X(10),Alphanumeric,10,transactions,merchant_zip,VARCHAR(10),Trim trailing spaces,Yes
CVTRA05Y.cpy,TRAN-RECORD,TRAN-CARD-NUM,PIC X(16),Alphanumeric,16,transactions,card_num,VARCHAR(16),"FK to cards.card_num",No
CVTRA05Y.cpy,TRAN-RECORD,TRAN-ORIG-TS,PIC X(26),Alphanumeric timestamp,26,transactions,orig_ts,TIMESTAMP,"Parse 'YYYY-MM-DD HH:MM:SS.ffffff' to TIMESTAMP",No
CVTRA05Y.cpy,TRAN-RECORD,TRAN-PROC-TS,PIC X(26),Alphanumeric timestamp,26,transactions,proc_ts,TIMESTAMP,"Parse 'YYYY-MM-DD HH:MM:SS.ffffff' to TIMESTAMP; null if not yet processed",Yes
CVTRA05Y.cpy,TRAN-RECORD,FILLER,PIC X(20),Filler,20,transactions,N/A,N/A,Not migrated - padding to RECLN 350,N/A
CVTRA06Y.cpy,DALYTRAN-RECORD,DALYTRAN-ID,PIC X(16),Alphanumeric,16,daily_transactions,tran_id,VARCHAR(16),"Primary key; maps to same structure as TRAN-RECORD",No
CVTRA06Y.cpy,DALYTRAN-RECORD,DALYTRAN-TYPE-CD,PIC X(02),Alphanumeric,2,daily_transactions,type_cd,CHAR(2),"FK to transaction_types.type_cd",No
CVTRA06Y.cpy,DALYTRAN-RECORD,DALYTRAN-CAT-CD,PIC 9(04),Numeric (unsigned),4,daily_transactions,cat_cd,SMALLINT,"FK to transaction_categories composite key",No
CVTRA06Y.cpy,DALYTRAN-RECORD,DALYTRAN-SOURCE,PIC X(10),Alphanumeric,10,daily_transactions,source,VARCHAR(10),Trim trailing spaces,No
CVTRA06Y.cpy,DALYTRAN-RECORD,DALYTRAN-DESC,PIC X(100),Alphanumeric,100,daily_transactions,description,VARCHAR(100),Trim trailing spaces,Yes
CVTRA06Y.cpy,DALYTRAN-RECORD,DALYTRAN-AMT,PIC S9(09)V99,Signed decimal (implied V),11,daily_transactions,amount,"NUMERIC(11,2)","Convert EBCDIC sign-overpunch trailing byte",No
CVTRA06Y.cpy,DALYTRAN-RECORD,DALYTRAN-MERCHANT-ID,PIC 9(09),Numeric (unsigned),9,daily_transactions,merchant_id,INTEGER,Strip leading zeros,No
CVTRA06Y.cpy,DALYTRAN-RECORD,DALYTRAN-MERCHANT-NAME,PIC X(50),Alphanumeric,50,daily_transactions,merchant_name,VARCHAR(50),Trim trailing spaces,Yes
CVTRA06Y.cpy,DALYTRAN-RECORD,DALYTRAN-MERCHANT-CITY,PIC X(50),Alphanumeric,50,daily_transactions,merchant_city,VARCHAR(50),Trim trailing spaces,Yes
CVTRA06Y.cpy,DALYTRAN-RECORD,DALYTRAN-MERCHANT-ZIP,PIC X(10),Alphanumeric,10,daily_transactions,merchant_zip,VARCHAR(10),Trim trailing spaces,Yes
CVTRA06Y.cpy,DALYTRAN-RECORD,DALYTRAN-CARD-NUM,PIC X(16),Alphanumeric,16,daily_transactions,card_num,VARCHAR(16),"FK to cards.card_num",No
CVTRA06Y.cpy,DALYTRAN-RECORD,DALYTRAN-ORIG-TS,PIC X(26),Alphanumeric timestamp,26,daily_transactions,orig_ts,TIMESTAMP,"Parse 'YYYY-MM-DD HH:MM:SS.ffffff' to TIMESTAMP",No
CVTRA06Y.cpy,DALYTRAN-RECORD,DALYTRAN-PROC-TS,PIC X(26),Alphanumeric timestamp,26,daily_transactions,proc_ts,TIMESTAMP,"Parse 'YYYY-MM-DD HH:MM:SS.ffffff' to TIMESTAMP; null if not yet processed",Yes
CVTRA06Y.cpy,DALYTRAN-RECORD,FILLER,PIC X(20),Filler,20,daily_transactions,N/A,N/A,Not migrated - padding to RECLN 350,N/A
CVTRA03Y.cpy,TRAN-TYPE-RECORD,TRAN-TYPE,PIC X(02),Alphanumeric,2,transaction_types,type_cd,CHAR(2),"Primary key; e.g. '01'=Purchase '02'=Payment '03'=Credit '04'=Authorization '05'=Refund",No
CVTRA03Y.cpy,TRAN-TYPE-RECORD,TRAN-TYPE-DESC,PIC X(50),Alphanumeric,50,transaction_types,type_desc,VARCHAR(50),Trim trailing spaces,No
CVTRA03Y.cpy,TRAN-TYPE-RECORD,FILLER,PIC X(08),Filler,8,transaction_types,N/A,N/A,Not migrated - padding to RECLN 60,N/A
CVTRA04Y.cpy,TRAN-CAT-RECORD,TRAN-TYPE-CD,PIC X(02),Alphanumeric,2,transaction_categories,type_cd,CHAR(2),"Composite PK part 1; FK to transaction_types.type_cd",No
CVTRA04Y.cpy,TRAN-CAT-RECORD,TRAN-CAT-CD,PIC 9(04),Numeric (unsigned),4,transaction_categories,cat_cd,SMALLINT,Composite PK part 2,No
CVTRA04Y.cpy,TRAN-CAT-RECORD,TRAN-CAT-TYPE-DESC,PIC X(50),Alphanumeric,50,transaction_categories,cat_desc,VARCHAR(50),Trim trailing spaces,No
CVTRA04Y.cpy,TRAN-CAT-RECORD,FILLER,PIC X(04),Filler,4,transaction_categories,N/A,N/A,Not migrated - padding to RECLN 60,N/A
CVTRA01Y.cpy,TRAN-CAT-BAL-RECORD,TRANCAT-ACCT-ID,PIC 9(11),Numeric (unsigned),11,tran_category_balances,acct_id,BIGINT,"Composite PK part 1; FK to accounts.acct_id",No
CVTRA01Y.cpy,TRAN-CAT-BAL-RECORD,TRANCAT-TYPE-CD,PIC X(02),Alphanumeric,2,tran_category_balances,type_cd,CHAR(2),"Composite PK part 2; FK to transaction_types.type_cd",No
CVTRA01Y.cpy,TRAN-CAT-BAL-RECORD,TRANCAT-CD,PIC 9(04),Numeric (unsigned),4,tran_category_balances,cat_cd,SMALLINT,"Composite PK part 3; FK to transaction_categories",No
CVTRA01Y.cpy,TRAN-CAT-BAL-RECORD,TRAN-CAT-BAL,PIC S9(09)V99,Signed decimal (implied V),11,tran_category_balances,balance,"NUMERIC(11,2)","Convert EBCDIC sign-overpunch trailing byte",No
CVTRA01Y.cpy,TRAN-CAT-BAL-RECORD,FILLER,PIC X(22),Filler,22,tran_category_balances,N/A,N/A,Not migrated - padding to RECLN 50,N/A
CVTRA02Y.cpy,DIS-GROUP-RECORD,DIS-ACCT-GROUP-ID,PIC X(10),Alphanumeric,10,disclosure_groups,acct_group_id,VARCHAR(10),"Composite PK part 1; links to accounts.group_id",No
CVTRA02Y.cpy,DIS-GROUP-RECORD,DIS-TRAN-TYPE-CD,PIC X(02),Alphanumeric,2,disclosure_groups,tran_type_cd,CHAR(2),"Composite PK part 2; FK to transaction_types.type_cd",No
CVTRA02Y.cpy,DIS-GROUP-RECORD,DIS-TRAN-CAT-CD,PIC 9(04),Numeric (unsigned),4,disclosure_groups,tran_cat_cd,SMALLINT,"Composite PK part 3; FK to transaction_categories",No
CVTRA02Y.cpy,DIS-GROUP-RECORD,DIS-INT-RATE,PIC S9(04)V99,Signed decimal (implied V),6,disclosure_groups,int_rate,"NUMERIC(6,2)","Convert EBCDIC sign-overpunch trailing byte; represents interest rate percentage",No
CVTRA02Y.cpy,DIS-GROUP-RECORD,FILLER,PIC X(28),Filler,28,disclosure_groups,N/A,N/A,Not migrated - padding to RECLN 50,N/A
